Dance Company,Date,Latitude,Longitude ,City,Venue ,Production 
Sankai Juku ,03/28/15,33.8829996,130.8749015,Kitakyushu,Kitakyushu Performing Arts Center,Meguri
Sankai Juku ,05/20/15,38.76666295,139.9051096,Tokyo,Setagaya Public Theartre,Meguri & Umusuna 
Sankai Juku ,06/07/15,35.0865692,135.9033813,Otsu,Biwako Hall Center for the Performing Arts,Umusuna 
Sankai Juku ,06/13/15,36.2382047,137.9687141,Matsumoto,Matsumoto Performing Arts Centre,Tobari 
Sankai Juku ,10/01/15,47.6038321,-122.3300624,Seattle,Meany Hall ,Umusuna 
Sankai Juku ,10/08/15,37.7792808,-122.4192363,San Francicso,Yerba Buena Center ,Umusuna 
Sankai Juku ,10/13/15,38.545379,-121.7445835,Davis,Jackson Hall ,Umusuna 
Sankai Juku ,10/16/15,34.054935,-118.244476,Los Angeles,Royce Hall ,Umusuna 
Sankai Juku ,10/23/15,42.2681569,-83.7312291,Ann Arbor,Power Center ,Umusuna 
Sankai Juku ,10/28/15,40.7306458,-73.9866136,New York,Haward Gilman Opera House ,Umusuna 
Sankai Juku ,11/03/15,45.421106,-75.690308,Ottawa,"National Arts Center, Southam Hall ",Umusuna 
Sankai Juku ,11/06/15,35.9131542,-79.05578,Chapel Hill,Memorial Hall ,Umusuna 
Sankai Juku ,11/09/15,37.2296566,-80.4136767,"Blacksburg, Virginia",Moss Arts Center ,Umusuna 
Sankai Juku ,02/07/16,33.8829996,130.8749015,Kitakyushu ,Kitakyushu Performing Arts Center,Kinkan Shonen 
Sankai Juku ,05/20/16,1.2904753,103.8520359,N/A,Esplanade-Theatres on the Bay ,Meguri & Umusuna 
Sankai Juku ,06/14/16,44.4161414,12.2017617,Ravenna ,Pala De Andre,Utsushi
Sankai Juku ,06/18/16,62.8241424,27.59456148,Kuopio,Kuopio Dance Festival ,Utsushi 
Sankai Juku ,06/23/16,48.8566101,2.3514992,Paris,Theatre de la Ville de Paris ,Meguri
Sankai Juku ,07/16/16,-22.2752762,-42.419415,Rio de Janeiro,Cidade das Artes ,Meguri
Sankai Juku ,07/23/16,-29.2756325,-51.7366176,Sao Paulo ,Teatro Alfa ,Meguri
Sankai Juku ,08/29/16,48.2083537,16.3725042,Vienna ,Impalstanz Festival ,Meguri 
Sankai Juku ,01/06/17,48.777449,2.2934309,Sceaux,Les Gemeaux - Scene National De Sceaux ,Meguri 
Sankai Juku ,01/12/17,43.6112422,3.8767337,Montpellier,Opera Berlioz/Le Corum ,Meguri
Sankai Juku ,01/17/17,45.7578137,4.8320114,Lyon ,Maison De La Danse ,Meguri 
Sankai Juku ,01/24/17,45.7774551,3.0819427,Clermont-Ferrand,La Comedie De Clermont-Ferrand,Meguri
Sankai Juku ,01/28/17,46.2528521,6.9478171,Monthey,Theatre Du Crochtan ,Meguri 
Sankai Juku ,01/31/17,46.6789116,7.1027113,Fribourg,Equilibre,Meguri
Sankai Juku ,02/03/17,49.0527528,2.0388736,Cergy-Pontoise,L'Apostrophe,Meguri 
Sankai Juku ,02/08/17,49.1828008,-0.3690815,Caen ,Theatre De Caen ,Meguri 
Sankai Juku ,02/27/17,46.056349,14.5065763,Ljubjana,Cultural and Congress Center,Meguri
Sankai Juku ,03/19/17,33.8829996,130.8749015,Kitakyushu ,Kitakyushu Performing Arts Center,Meguri
Sankai Juku ,07/02/17,35.247154,136.109385,Shiga ,Biwako Hall Center for the Performing Arts,Meguri
Sankai Juku ,07/28/17,25.0375198,121.5636796,Taipei,National Theater,Meguri
Sankai Juku ,10/13/17,43.6434,1.37799,Blagnac,Odyssud,Meguri
Sankai Juku ,10/17/13,43.4017377,3.6941845,Sete,Theatre Moliere,Meguri
Sankai Juku ,10/29/17,41.6934591,44.8014495,Tbilisi,Georgian National Opera Theater,Kinkain & Shonen
Sankai Juku ,11/03/17,3.4319329,-76.5113048,Cali ,Teatro Jorge Isaacs,Tobari 
Sankai Juku ,11/09/17,4.5980772,-74.0761028,Bogota,Teatro Colon,Tobari 
Sankai Juku ,11/12/17,10.4195841,-75.5271224,Cartagena,Teatro Heredia,Utsushi
Sankai Juku ,11/18/17,-0.2201641,-78.5123274,Quito,Teatro Sucre,Utsushi
Sankai Juku ,11/25/17,34.6968642,139.4049033,Tokyo ,The New National Theatre,Meguri 
Sankai Juku ,03/25/18,33.8829996,130.8749015,Kitakyushu ,Kitakyushu Performing Arts Center,Unetsu 
Sankai Juku ,06/01/18,34.6968642,139.4049033,Tokyo ,Setagaya Public Theartre,Unetsu 
Sankai Juku ,06/05/18,34.6968642,139.4049033,Tokyo,Setagaya Public Theartre,Kinkan & Shonen 
Sankai Juku ,09/01/18,49.479236,8.439117,Ludwigshafen,Theater im pfalzbau,Utsuchi
Sankai Juku ,09/04/18,45.886548,11.0452369,Rovereto ,Incontri Internazionali Di Rovereto Association ,Meguri 
Sankai Juku ,10/03/18,31.2253441,121.4888922,Shanghai,Daning Theatre,Tobari 
Sankai Juku ,10/09/18,39.9059631,116.391248,Pekin ,The Central National Song and Dance Troup National Theatre ,Tobari 
Sankai Juku ,03/23/19,33.8829996,130.8749015,Kitakyushu ,Kitakyushu Performing Arts Center,ARC
Sankai Juku ,04/29/19,48.8566101,2.3514992,Paris,Theatre des Champs-Elysees,ARC
Sankai Juku ,05/10/19,43.6589011,6.9239103,Grasse ,Theatre De Grasse ,Utsushi
Sankai Juku ,09/28/19,-5.6457326,-44.3244352,Sao Paulo ,Teatro Alfa ,ARC
Sankai Juku ,10/04/19,34.4221319,-119.7026673,Santa Barbara,The Granada Theatre,Meguri 
Sankai Juku ,10/06/19,34.054935,-118.244476,Los Angeles,Royce Hall ,Meguri 
Sankai Juku ,10/12/19,37.7792808,-122.4192363,San Francisco,Zellerbach Hall ,Meguri 
Sankai Juku ,10/17/19,47.6038321,-122.3300624,Seattle,Meany Hall ,Meguri 
Sankai Juku ,10/22/19,41.6612561,-91.5299106,Iowa City,Hancher Auditorium ,Utsushi 
Sankai Juku ,10/25/19,42.2681569,-83.7312291,Ann Arbor,Power Center ,Meguri 
Sankai Juku ,01/25/20,35.247154,136.109385,Shiga ,"Biwako Hall Center for the Performing Arts, Shiga",ARC
Sankai Juku ,02/23/20,33.8829996,130.8749015,Kitakyushu ,Kitakyushu Performing Arts Center,Hibiki & recreation 
Kibbutz Contemporary Dance Company,2015,42.6953868,2.8844713,Peripgnan,Theatre de l'Archipel ,Lullaby For Bach 
Kibbutz Contemporary Dance Company,2015,47.6505715,9.4797531,Friedrichshafen,Kulturburo Friedrichshafen,Lullaby For Bach 
Kibbutz Contemporary Dance Company,2015,49.479236,8.439117,Ludwigshafen,Theater im Pfalzbau,Lullaby For Bach 
Kibbutz Contemporary Dance Company,2015,51.1981778,6.6916476,Neuss,Stadthalle Neuss,Lullaby For Bach 
Kibbutz Contemporary Dance Company,2015,52.1039941,9.3561569,Hameln,Theater Hameln ,Lullaby For Bach 
Kibbutz Contemporary Dance Company,2015,51.0324743,6.9881194,Leverkusen,Forum Leverkusen | KulturStadtLev,Lullaby For Bach 
Kibbutz Contemporary Dance Company,2015,50.5521486,9.676511,Fulda,Forum Leverkusen | KulturStadtLev,Lullaby For Bach 
Kibbutz Contemporary Dance Company,2015,50.5521486,9.676511,Fulda,Schlosstheater,Lullaby For Bach 
Kibbutz Contemporary Dance Company,2015,48.4716556,7.944378,Offenburg,Oberrheinhalle Offenburg,Lullaby For Bach 
Kibbutz Contemporary Dance Company,2015,49.991701,8.4138251,Russelshein,Theater Russelsheim,Lullaby For Bach 
Kibbutz Contemporary Dance Company,2015,50.0499945,10.233302,Schweinfurt,Theater der Stadt Schweinfurt,Lullaby For Bach 
Kibbutz Contemporary Dance Company,2015,52.4205588,10.7861682,Wolfsburg,Movementos Festival | Autostadt,Lullaby For Bach 
Kibbutz Contemporary Dance Company,2015,48.5915163,12.0212216,Furth,Stadttheater Furth,Lullaby For Bach 
Kibbutz Contemporary Dance Company,2015,50.735851,7.10066,Bonn,Theater Bonn,Lullaby For Bach 
Kibbutz Contemporary Dance Company,2015,51.9452704,7.1676886,Coesfeld,Konzert Theater Coesfeld,Lullaby For Bach 
Kibbutz Contemporary Dance Company,2015,40.3754434,49.8326748,Baku,Heydar Aliyev Palace | 2015 Europen Games,Lullaby For Bach 
Kibbutz Contemporary Dance Company,2015,35.8989818,14.5136759,Valletta,Malta International Arts Festival ,Lullaby For Bach 
Kibbutz Contemporary Dance Company,2016,-33.8548157,151.2164539,Sydney,Sydney Opera House,Horses In The Sky 
Kibbutz Contemporary Dance Company,2016,44.6978446,10.6304958,Reggio Emilia,Teatri Reggio Emilia | Festival Aperto,Horses In The Sky 
Kibbutz Contemporary Dance Company,2016,41.3828939,2.1774322,Barcelona,Festival Grec de Barcelona | Teatre Grec,Horses In The Sky 
Kibbutz Contemporary Dance Company,2016,50.0619474,19.9368564,Krakow ,Jewish Culture Festival | ICE Krakow Theatre Hall ,Horses In The Sky 
Kibbutz Contemporary Dance Company,2016,38.7077507,-9.1365919,Lisbon,Festival de Almada | Teatro Municipal Joazuim Benite,Horses In The Sky 
Kibbutz Contemporary Dance Company,2016,47.4991723,8.7291498,Winterthur,Theater Winterhur,Horses In The Sky 
Kibbutz Contemporary Dance Company,2016,50.8772301,12.0796208,Gera,Buhnen der Stadt Gera,Horses In The Sky 
Kibbutz Contemporary Dance Company,2016,51.3090209,9.4762981,Kassel,Staatstheater Kassel,Horses In The Sky 
Kibbutz Contemporary Dance Company,2016,50.0499945,10.233302,Schweinfurt,Theater der Stadt Schweinfurt,Horses In The Sky 
Kibbutz Contemporary Dance Company,2017,50.776351,6.083862,Aachen,Schrit_tmacher Festival ,Mother's Milk 
Kibbutz Contemporary Dance Company,2017,51.0324743,6.9881194,Leverkusen,Forum Leverkusen | KulturStadtLev,Mother's Milk 
Kibbutz Contemporary Dance Company,2017,51.250559,22.5701022,Lublin,Lubelski Teatr Tanca | International Dance Festival,Mother's Milk 
Kibbutz Contemporary Dance Company,2017,49.1922443,16.6113382,Brno,National Theatre Narodni divaldo Brno | Festival Divadelni Brno ,Mother's Milk 
Kibbutz Contemporary Dance Company,2017,37.5666791,126.9782914,Seol,MODAFE | International Modern Dance Festival ,Mother's Milk 
Kibbutz Contemporary Dance Company,2017,45.7973912,24.1519202,Sibiu ,Sibiu Internation Theatre Festival ,Mother's Milk 
Kibbutz Contemporary Dance Company,2017,34.79489125,32.98558938,Limassol,Rialto Festival | Tialto Theatre,Mother's Milk 
Kibbutz Contemporary Dance Company,2017,47.6505715,9.4797531,Friedrichshafen,Kulturburo Friedrichshafen,Mother's Milk 
Kibbutz Contemporary Dance Company,2017,43.4815899,-1.556116,Biarritz,Le Temps d'Aimer la Danse ,Mother's Milk 
Kibbutz Contemporary Dance Company,2017,8.9714493,-79.5341802,Panama City,PRISMA Festival de Danza Contemporanea | Teatro Anayansi ,Mother's Milk 
Kibbutz Contemporary Dance Company,2017,19.4326009,-99.1333416,Mexico City,CulturalUNAM | Sala Miguel Covarrubias,Mother's Milk 
Kibbutz Contemporary Dance Company,2017,33.7490987,-84.3901849,Atlanta,Kennesaw State Dance Theater,Mother's Milk 
Kibbutz Contemporary Dance Company,2017,32.7762719,-96.7968559,Dallas,AT&T PerformingArts Center,Mother's Milk 
Kibbutz Contemporary Dance Company,2017,3.4319329,-76.5113048,Cali,Teatro Municipal Enrique Buenaventura ,Mother's Milk 
Kibbutz Contemporary Dance Company,2017,4.5980772,-74.0761028,Bogota,Teatro Municipal Jorge Eliecer Gaitan,Mother's Milk 
Kibbutz Contemporary Dance Company,2017,6.2180499,-76.6526787,Medellin,Teatro Metropolitano Jose Guteierrez Gomez,Mother's Milk 
Kibbutz Contemporary Dance Company,2017,-12.0621065,-77.0365256,Lima,Gran Teatro Nacional del Peru ,Mother's Milk 
Kibbutz Contemporary Dance Company,2018,51.9452704,7.1676886,Coesfeld,Konzert Theater Coesfeld,Mother's Milk 
Kibbutz Contemporary Dance Company,2018,47.1679898,8.5173652,Zug,Theater Casino Zug,Asylum 
Kibbutz Contemporary Dance Company,2018,48.4716556,7.944378,Offenburg,Oberrheinhalle Offenburg,Asylum 
Kibbutz Contemporary Dance Company,2018,49.991701,8.4138251,Russelshein ,Theater RUsselsheim,Asylum 
Kibbutz Contemporary Dance Company,2018,49.6615131,8.321204086,Worms,Das Wormser Theater,Asylum 
Kibbutz Contemporary Dance Company,2018,50.5521486,9.676511,Fulda,Schlosstheater,Asylum 
Kibbutz Contemporary Dance Company,2018,50.0499945,10.233302,Schweinfurt,Theater der Stadt Schweinfurt,Asylum 
Kibbutz Contemporary Dance Company,2018,50.735851,7.10066,Bonn,Theater Bonn,Asylum 
Kibbutz Contemporary Dance Company,2018,47.5025779,9.7472924,Bregenz,Bregenzer Fruhling,Asylum 
Kibbutz Contemporary Dance Company,2018,48.7784485,9.1800132,Stuttgart,Stuttgarter Kinder und Jugendfestival | KCDC 2,Asylum 
Kibbutz Contemporary Dance Company,2018,49.142291,9.218655,Heilbronn,Theater Heilbronn | TANZ! HEILBRONN Festival ,Asylum 
Kibbutz Contemporary Dance Company,2018,51.3391827,12.3810549,Leipzig,Theater der Jungen Welt | KCDC 2 ,Asylum 
Kibbutz Contemporary Dance Company,2018,45.7973912,24.1519202,Sibiu,Sibiu Internation Theatre Festival ,Asylum 
Kibbutz Contemporary Dance Company,2018,48.8566101,2.3514992,Paris,Theatre de Paris ,Asylum 
Kibbutz Contemporary Dance Company,2018,48.1371079,11.5753822,Munich,Theatre de Paris ,Asylum 
Kibbutz Contemporary Dance Company,2018,33.6856969,-117.8259819,Irvine,Irvine Barclay Theatre,Asylum 
Kibbutz Contemporary Dance Company,2018,25.7742658,-80.1936589,Miami,South Miami-Dade Cultural Arts Center,Asylum 
Kibbutz Contemporary Dance Company,2018,38.9719384,-95.2359496,Lawrence,Lied Center of Kansas ,Asylum 
Kibbutz Contemporary Dance Company,2018,33.9242688,-84.3785379,Sandy Springs,Sandyy Springs Performing Arts Center's Byers Theatre,Asylum 
Kibbutz Contemporary Dance Company,2018,29.7589382,-95.3676974,Houston,Miller Outdoor Theatre ,Asylum 
Kibbutz Contemporary Dance Company,2019,37.5666791,126.9782914,Seol,Arko Arts Theater | MODAFE International Contemporar Dance Festival ,A Good Citizen 
Kibbutz Contemporary Dance Company,2019,51.7687323,19.4569911,Lodz,Teatr Wielki w Lodzi (Grand Theatre Lodz),A Good Citizen 
Kibbutz Contemporary Dance Company,2019,52.2319237,21.0067265,Warsaw,Teatr Tanca Zawirowania | Zawirowania Dance Theater Festival ,A Good Citizen 
Kibbutz Contemporary Dance Company,2019,48.8566101,2.3514992,Paris,Theatre de Paris ,A Good Citizen 
Kibbutz Contemporary Dance Company,2019,45.0630557,7.7000997,Monferrat,Vignale Monferrato Festival ,A Good Citizen 
Kibbutz Contemporary Dance Company,2019,43.7698712,11.2555757,Forence,Florence Dance Festival ,A Good Citizen 
Kibbutz Contemporary Dance Company,2019,34.79489125,32.98558938,Limassol,The Great Festival | Pattihio Municipal Theater ,A Good Citizen 
Kibbutz Contemporary Dance Company,2019,39.9059631,116.391248,Beijing,Beijing Dance Festival ,A Good Citizen 
Kibbutz Contemporary Dance Company,2019,40.3754434,49.8326748,Baku,M.A.P. Festival ,A Good Citizen 
Kibbutz Contemporary Dance Company,2020,33.0057124,35.2137501,Ga'aton,Zichri Theater | International Dance Village ,More Than Crumbs
Kibbutz Contemporary Dance Company,2020,32.1204767,34.8230313,Yifat,N/A,A Good Citizen 
Kibbutz Contemporary Dance Company,2020,32.0604256,34.8760954,Ganei Tikva,Habama Center Ganei Tikva,A Good Citizen 
Kibbutz Contemporary Dance Company,2020,33.0057124,35.2137501,Ga'aton,Zichri Theater | International Dance Village ,Final Performance 
Kibbutz Contemporary Dance Company,2020,32.0804808,34.7805274,Tel Aviv,Suzanne Dellal Center,A Good Citizen 
Kibbutz Contemporary Dance Company,2020,33.0057124,35.2137501,Ga'aton,Zichri Theater | International Dance Village ,360
Kibbutz Contemporary Dance Company,2020,33.0057124,35.2137501,Ga'aton,Zichri Theater | International Dance Village ,Asylum 
Kibbutz Contemporary Dance Company,2020,45.7973912,24.1519202,Sibiu,FITS | Sibiu International Theater Festival ,If At All 
Pina Bausch & Wupperyal ,5/12/15,48.8566101,2.3514992,"Paris, France ",Theatre du Chatelet ,N/A
Pina Bausch & Wupperyal ,5/21/15,48.8566101,2.3514992,"paris, France ",Theatre de la Ville ,N/A
Pina Bausch & Wupperyal ,5/24/15,48.8566101,2.3514992,"Paris, France ",Theatre de la Ville ,N/A
Pina Bausch & Wupperyal ,5/28/15,48.8566101,2.3514992,"Paris, France ",Theatre de la Ville ,N/A
Pina Bausch & Wupperyal ,12/31/15,48.8566101,2.3514992,"Paris, France ",Opera de Paris ,N/A
Pina Bausch & Wupperyal ,1/29/16,48.6345313,2.4522217,"Evry, France","Theatre de I'Agora, scene nationale Evry ",N/A
Pina Bausch & Wupperyal ,5/15/16,48.8566101,2.3514992,"Paris, France ",Theatre de la Ville ,N/A
Pina Bausch & Wupperyal ,5/26/16,48.8566101,2.3514992,"Paris, France ",Theatre du Chatelet ,N/A
Pina Bausch & Wupperyal ,6/9/16,43.8374249,4.3600687,"Nimes,France",Les Arenes de Nimes ,N/A
Pina Bausch & Wupperyal ,9/3/16,48.8566101,2.3514992,"Paris, France ",Theatre du Chatelet ,N/A
Pina Bausch & Wupperyal ,9/14/17,40.7306458,-73.9866136,"New York City, NY, USA",Brooklyn Academy of Music (BAM) ,Café Muller 
Pina Bausch & Wupperyal ,9/29/17,45.42315095,-75.69332478,"NAC, Ottawa ",National Arts Center (NAC) ,The Rite of Spring
Pina Bausch & Wupperyal ,10/24/17,48.8566101,2.3514992,"Paris, France ",Opera de Paris ,N/A
Pina Bausch & Wupperyal ,10/31/17,48.8566101,2.3514992,"Paris, France ",Opera de Paris ,N/A
Pina Bausch & Wupperyal ,11/2/17,48.8566101,2.3514992,"Paris, France",Opera de Paris ,N/A
Pina Bausch & Wupperyal ,2/8/18,51.5073219,-0.1276474,"London, England",Sadler's Wells ,N/A
Pina Bausch & Wupperyal ,3/24/18,48.8566101,2.3514992,"Paris, France ",Opera de Paris ,N/A
Pina Bausch & Wupperyal ,4/1/18,48.8566101,2.3514992,"Paris, France ",Opera de Paris - Palais Garnier,N/A
Pina Bausch & Wupperyal ,5/12/18,48.8566101,2.3514992,"Paris, France",Wuppertal Opera House ,Dimitris Papaioannou 
Pina Bausch & Wupperyal ,6/2/18,48.8566101,2.3514992,"Paris, France ",Wuppertal Opera House ,Lucien Oyen 
Pina Bausch & Wupperyal ,6/20/18,52.1337565,11.6190669,"Amsterdam, Germany ",Holland Festival Stadsschouwburg ,Lucien Oyen 
Pina Bausch & Wupperyal ,6/24/18,59.9132694,10.7391112,"Oslo, Norway ",Den Norske Opera & Ballett ,Lucien Oyen 
Pina Bausch & Wupperyal ,7/3/18,48.8566101,2.3514992,"Paris, France ",Theatre des Champs-Elysees ,Lucien Oyen 
Pina Bausch & Wupperyal ,3/21/19,48.8566101,2.3514992,"Paris, France",Wuppertal Opera House ,Arien 
Pina Bausch & Wupperyal ,3/29/19,48.8566101,2.3514992,"Paris, France",Wuppertal Opera House ,Palermo Palermo 
Pina Bausch & Wupperyal ,6/13/19,51.21567935,4.409899577,"Stadsschouwburg,  Antwerp",,1980
Pina Bausch & Wupperyal ,6/29/19,48.86914905,2.29201457,"Chaillot, Paris ",Theatre national de la Danse,"Bon Vyouage, Bob "
Pina Bausch & Wupperyal ,7/8/19,48.88623995,2.374885207,"La Villette, Paris ",Theatre de la Ville ,Since she 
Pina Bausch & Wupperyal ,3/7/20,51.26734925,7.192880466,"Opernhaus, Wuppertal ",,The Seven Deadly Sins 
Pina Bausch & Wupperyal ,11/21/20,51.26734925,7.192880466,"Opernhaus, Wuppertal ",Altes Schauspielhaus ,The Piece with the Ship
Riverdance,3/7/15,51.0493286,13.7381437,Dresden,"Messe Dresden, Halle 1 ",N/A
Riverdance,3/8/15,49.9999952,8.2710237,Mainz,Frankfurter Hof,N/A
Riverdance,3/10/15,53.0758196,8.8071646,Bremen,Musical Theater,N/A
Riverdance,3/13/15,54.3216753,10.1371858,Kiel,Sparkassen-Arena Kiel,N/A
Riverdance,3/14/15,53.550341,10.000654,Hamburg,Congress Centrum Hamburg Saal 1,N/A
Riverdance,3/16/15,49.8926723,10.8876149,Bamberg,Congress Centrum Hamburg Saal 1,N/A
Riverdance,3/17/15,47.7811014,9.612468,Ravensburg,Oberschwabenhalle,N/A
Riverdance,3/18/15,48.7784485,9.1800132,Stuttgart,Porsche-Arena ,N/A
Riverdance,3/19/15,49.0195333,12.0974869,Regensburg,Donau-Arena,N/A
Riverdance,3/20/15,48.3954965,10.00589,Neu-Ulm,ratiopharm arena ,N/A
Riverdance,3/21/15,47.5025779,9.7472924,Bregenz,Bregenzer Festspiel,N/A
Riverdance,3/24/15,51.5142273,7.4652789,Dortmund,Westfalenhalle 1 ,N/A
Riverdance,3/25/15,52.010877,8.540868,Bielefeld,Stadthalle Bielefeld ,N/A
Riverdance,3/26/15,51.457087,7.011429,Essen,Grugahalle Essen ,N/A
Riverdance,3/27/15,51.2254018,6.7763137,Dusseldorf,Mitsubishi Electric Halle ,N/A
Riverdance,3/29/15,50.5521486,9.676511,Fulda,Esperantohalle ,N/A
Riverdance,6/13/15,51.8979282,-8.4705806,Cork,Live at the Marquee,N/A
Riverdance,7/7/15,53.3497645,-6.2602732,Dublin,Gaiety Theatre,N/A
Riverdance,9/28/15,49.884017,-97.168579,Winnipeg,Mantoba Burton Theatre,N/A
Riverdance,10/30/15,47.6038321,-122.3300624,Seattle,Washington Paramount Theatre,N/A
Riverdance,11/16/15,36.7394421,-119.7848307,Fresno,California Saroyan Theatre ,N/A
Riverdance,11/20/15,45.5202471,-122.6741949,Portland,Oregon Keller Auditorium ,N/A
Riverdance,11/24/15,37.3297085,-121.9031599,San Jose,California San Jose Center for the Performing Arts ,N/A
Riverdance,1/1/16,33.6633386,-117.903317,Costa Mesa,California OCPAC,N/A
Riverdance,1/22/16,33.7288179,-116.3825711,Palm Desert,McCallum Theatre,N/A
Riverdance,1/31/16,36.1662859,-115.149225,Las Vegas,The Smith Center,N/A
Riverdance,2/9/16,40.6460635,-111.4979741,Park City,Kansas Hartman Arena ,N/A
Riverdance,2/21/16,37.8882168,-95.3170208,Allen,Texas Allen Event Center,N/A
Riverdance,2/26/16,29.4246002,-98.4951405,San Antonio,Texas Majestic Theatre,N/A
Riverdance,3/1/16,31.9973662,-102.0779482,Midland,Wagner Noel Performing Arts Center ,N/A
Riverdance,3/8/16,39.7391536,-104.9847034,Denver,Colorado Buell Auditorium ,N/A
Riverdance,3/18/16,41.5910641,-93.6037149,Des Moines,Indiana Des Moines PAC,N/A
Riverdance,3/29/16,52.6361398,-1.1330789,Leicester,De Montford Hall ,N/A
Riverdance,4/1/16,51.4816546,-3.1791934,Cardiff,Cardiff St. David's Hall ,N/A
Riverdance,4/5/16,53.3806626,-1.4702278,Sheffield,Sheffield City Hall ,N/A
Riverdance,4/8/16,53.4791301,-2.2441009,Manchester,O2 Apollo Manchester ,N/A
Riverdance,4/12/16,42.9632405,-85.6678639,Grand Rapids,Michigan Devos Performance Hall,N/A
Riverdance,4/13/16,53.9590555,-1.0815361,York,York Barbican ,N/A
Riverdance,4/15/16,55.856656,-4.2435817,Glasgow,SECC,N/A
Riverdance,4/19/16,53.7974185,-1.5437941,Leeds,Leeds Arena ,N/A
Riverdance,4/23/16,54.9770924,-1.6142059,Newcastle Upon Tyne,Metro Radio Arena ,N/A
Riverdance,4/26/16,51.5073219,-0.1276474,London,New Wimbledon New Theatre,N/A
Riverdance,5/3/16,52.2034823,0.1235817,Cambridge,Cambridge Corn Exchange,N/A
Riverdance,5/6/16,53.0162014,-2.1812607,Stoke-On-Trent,Regent Theatre,N/A
Riverdance,5/10/16,50.8036831,-1.075614,Portsmouth,Portsmouth Guildhall,N/A
Riverdance,5/13/16,50.3712659,-4.1425658,Plymouth,Plymouth Pavillions ,N/A
Riverdance,5/18/16,51.3391827,12.3810549,Leipzig,Arena Leipzig,N/A
Riverdance,5/19/16,51.4818111,7.2196635,Bochum,RuhrCongress Bochum ,N/A
Riverdance,5/20/16,53.550341,10.000654,Hamburg,CCH 1,N/A
Riverdance,5/21/16,52.3744779,9.7385532,Hannover,Swiss Life Hall,N/A
Riverdance,5/22/16,51.3331205,6.5623343,Krefeld,KonigPALAST,N/A
Riverdance,5/24/16,52.3076216,-8.570897276,Munster,Messe + Congress Centrum Halle Munsterland,N/A
Riverdance,5/26/16,50.1106444,8.6820917,Fankfurt,Jahrhunderthalle,N/A
Riverdance,5/28/16,49.489591,8.467236,Mannheim,Congress Centrum Rosengarten ,N/A
Riverdance,5/29/16,48.7784485,9.1800132,Stuttgart,Porsche-Arena ,N/A
Riverdance,5/30/16,48.3954965,10.00589,Neu-Ulm,ratiopharm arena ,N/A
Riverdance,5/31/16,47.9960901,7.8494005,Freiburg,Rothaus Arena ,N/A
Riverdance,1/11/17,26.640628,-81.8723084,Fort Myers,Barbara B. Mann Performing Arts Hall ,N/A
Riverdance,1/17/17,29.6519396,-82.3249961,Gainesville,Curtis M Phillips Center for Performing Arts ,N/A
Riverdance,1/20/17,27.9658533,-82.8001026,Clearwater,Ruth Eckerd Hall ,N/A
Riverdance,1/22/17,29.2108147,-81.0228331,Daytona Beach,The Peabody Daytona Beach ,N/A
Riverdance,1/24/17,27.3364347,-82.5306527,Sarasota,Van Wezel Performing Arts Center ,N/A
Riverdance,1/27/17,30.3321838,-81.655651,Jacksonville,times Union Center Moran Theater ,N/A
Riverdance,1/31/17,35.2270869,-80.8431268,Charlotte,Ovens Auditorium ,N/A
Riverdance,2/10/17,34.729847,-86.5859011,Huntsville,Von Braun Center Concert Hall ,N/A
Riverdance,2/16/17,34.2257282,-77.9447107,Wilmington,The Wilson Center at Cape Fear Community College,N/A
Riverdance,2/17/17,39.2908816,-76.610759,Baltimore,Modell Performing Arts Center at The Lyric ,N/A
Riverdance,2/28/17,43.0481221,-76.1474244,Syracuse,The Oncenter Crouse Hinds Theater ,N/A
Riverdance,3/3/17,41.3082138,-72.9250518,New Haven,Shubert Theatre ,N/A
Riverdance,3/7/17,43.1009031,-75.2326641,Utica,The Stanley,N/A
Riverdance,3/10/17,43.157285,-77.615214,Rochester,Rochester Auditorium Theatre ,N/A
Riverdance,3/17/17,40.4416941,-79.9900861,Pittsburgh,Benedum Center ,N/A
Riverdance,3/21/17,42.7969996,-77.5237428,Richmond,EKU Centrer for the Arts ,N/A
Riverdance,3/24/17,35.1490215,-90.0516285,Memphis,The Orpheum Theater Memphis ,N/A
Riverdance,3/28/17,39.7589478,-84.1916069,Dayton,Mead Theater ,N/A
Riverdance,3/29/17,41.6786754,-83.5127283,Toledo,Stranahan Theatre ,N/A
Riverdance,4/1/17,41.7571701,-88.3147539,Aurora,Paramount Theatre,N/A
Riverdance,4/4/17,40.6938609,-89.5891008,Peoria,Peoria Civic Center ,N/A
Riverdance,4/5/17,41.6833813,-86.2500066,South Bend,Morris Performing Arts Center,N/A
Riverdance,4/7/17,43.0171773,-83.7236024,Flint,The Whiting Auditorium ,N/A
Riverdance,4/10/17,38.2542376,-85.759407,Louisville,Whitney Hall ,N/A
Riverdance,4/14/17,34.7464809,-92.2895948,Little Rock,Robinson Performance Hall ,N/A
Riverdance,4/18/17,35.0456297,-85.3096801,Chattanooga,Tivoli Theatre,N/A
Riverdance,4/21/17,36.1622296,-86.7743531,Nashville,TN Performing Arts Center Andrew Jackson Hall ,N/A
Riverdance,4/25/17,38.029306,-78.4766781,Charlottesville,John Paul Jones Arena ,N/A
Riverdance,4/26/17,36.7953025,-76.05092512,Virginia Beach,Sandler Center for the Performing Arts ,N/A
Riverdance,4/28/17,40.2854881,-76.6506001,Hershey,Hershey Theatre ,N/A
Riverdance,5/2/17,35.9603948,-83.9210261,Knoxville,Tennessee Theatre,N/A
Riverdance,5/5/17,33.7490987,-84.3901849,Atlanta,Fabulous Fox Theatre,N/A
Riverdance,5/9/17,39.7683331,-86.1583502,Indianapolis,Clowes Memorial Hall ,N/A
Riverdance,5/12/17,39.9622601,-83.0007065,Columbus,Palace Theatre Columbus ,N/A
Riverdance,5/21/17,44.230687,-76.481323,Kingston,Rogers K-Rock Centre ,N/A
Riverdance,5/26/17,44.6486237,-63.5859487,Halifax,Scotiabank Centre,N/A
Riverdance,5/30/17,44.8011821,-68.7778138,Bangor,Cross Insurance Center ,N/A
Riverdance,5/31/17,43.6610277,-70.2548596,Portland,Merill Auditorium ,N/A
Riverdance,6/2/17,41.8239891,-71.4128343,Providence,Providence Performing Arts ,N/A
Riverdance,6/7/17,42.9956397,-71.4547891,Manchester,SNHU Arena ,N/A
Riverdance,6/8/17,42.2625932,-71.8022934,Worcester,Hanover Theatre ,N/A
Riverdance,6/13/17,38.3662114,-75.6008881,Salisbury,Wicomico Civic Center ,N/A
Riverdance,6/14/17,40.7970384,-74.4809492,Morristown,Mayo Performing Arts Center ,N/A
Riverdance,6/16/17,42.8142432,-73.9395687,Schenectady,Proctor's Theatre ,N/A
Riverdance,9/1/17,59.9132694,10.7391112,Oslo,Oslo Konserthus ,N/A
Riverdance,9/7/17,57.7072326,11.9670171,Goteborg,Lisebergshallen ,N/A
Riverdance,9/15/17,55.6867243,12.5700724,Copenhagen,Royal Arena ,N/A
Riverdance,9/18/17,59.3251172,18.0710935,Stockholm,Cirkus ,N/A
Riverdance,9/22/17,60.1674086,24.9425683,Helsinki,Hartwall Arena ,N/A
Riverdance,9/26/17,60.4517531,22.2670522,Turku,Logomo,N/A
Riverdance,10/6/17,51.19996685,2.872275582,Ostend,Kursaal Oostende ,N/A
Riverdance,10/7/17,50.8465573,4.351697,Brussels,Palais 12 ,N/A
Riverdance,10/8/17,49.234362,6.996379,Saarbrucken,Saarlandhalle Saarbrucken ,N/A
Riverdance,10/22/17,47.2233007,-1.6346964,Saint Herblain,Zenith Nantes Metropole ,N/A
Riverdance,10/25/17,49.1828008,-0.3690815,Caen,Zenith De Caen,N/A
Riverdance,10/26/17,50.6296509,3.0749235,Lille Grand Palais,Zenith Arena Lille ,N/A
Riverdance,10/28/17,48.8566101,2.3514992,Paris,Salle Pleyel ,N/A
Riverdance,11/2/17,52.5170365,13.3888599,Berline,Mercedes-Benz Arena ,N/A
Riverdance,11/3/17,53.550341,10.000654,Hamburg,Mehr! Theater am Brombmarkt,N/A
Riverdance,11/4/17,53.0758196,8.8071646,Bremen,Metropol Theater Bremen ,N/A
Riverdance,11/5/17,51.51399325,6.849322761,Oberhausen,Konig-Pilsener-Arena ,N/A
Riverdance,1/5/18,26.1223084,-80.1433786,Ft Lauderdale,Au-Rene Theater at the Borward Center ,N/A
Riverdance,1/9/18,32.7876012,-79.9402728,Chrleston,Gailard Center ,N/A
Riverdance,1/12/18,30.374673,-88.84594333,Biloxi,Beau Rivage Theatre ,N/A
Riverdance,1/16/18,33.5206824,-86.8024326,Birmingham,BJCC Concert Hall ,N/A
Riverdance,1/17/18,33.9550905,-83.3881868,Athens,Classic Center Theatre ,N/A
Riverdance,1/19/18,27.9477595,-82.458444,Tampa,David A. Straz Center ,N/A
Riverdance,1/23/18,30.3321838,-81.655651,Jacksonville,Thalia Mara Hall ,N/A
Riverdance,1/24/18,32.3669656,-86.3006485,Montgomery,Montgomery Performing Arts Centre ,N/A
Riverdance,1/26/18,28.5421097,-81.3790388,Orlando,Dr. Phillips Center ,N/A
Riverdance,1/31/18,37.274532,-79.96020968,Roanoke,Berglund Center ,N/A
Riverdance,2/1/18,41.2493292,-77.0027671,Williamsport,Community Arts Center ,N/A
Riverdance,2/2/18,38.8949549,-77.0366456,Washington,Warner Theatre ,N/A
Riverdance,2/8/18,40.03813,-76.3056686,Lancaster,American Music Theatre ,N/A
Riverdance,2/10/18,41.466023,-71.96290892,Mashantucket,The Grand Theater at Foxwoods Resort Casino ,N/A
Riverdance,3/13/18,41.5051613,-81.6934446,Cleveland,State Theatre-Playhouse Square Center ,N/A
Riverdance,2/20/18,44.5126379,-88.0125794,Green Bay,Weidner Center for the Performing Arts ,N/A
Riverdance,2/22/18,42.1167065,-86.4541894,Benton Harbor,Mendel Center ,N/A
Riverdance,2/23/18,41.9941334,-87.8756737,Rosemont,Rosemont Theatre ,N/A
Riverdance,2/25/18,42.2713945,-89.093966,Rockford,Coronado Performing Arts Center ,N/A
Riverdance,3/2/18,42.5274123,-92.4453179,Cedar Falls,Gallagher Bluedorn Performing Arts Center ,N/A
Riverdance,3/4/18,42.4966815,-96.4058782,Sioux City,Orpheum Theatre Sioux City ,N/A
Riverdance,3/8/18,30.2240897,-92.0198427,Lafayette,Heymann Performing Arts Center ,N/A
Riverdance,3/9/18,29.7589382,-95.3676974,Houston,Hobby Center ,N/A
Riverdance,3/14/18,41.2587317,-95.9378732,Omaha,Holland Performing Arts Center ,N/A
Riverdance,3/17/18,39.100105,-94.5781416,Kansas City,Muriel Kauffman Theatre-Kauffman PAC ,N/A
Riverdance,3/20/18,32.7762719,-96.7968559,Dallas,Winspear Opera House ,N/A
Riverdance,3/27/18,38.8339578,-104.8253485,Colorado Springs,Pikes Peak Center ,N/A
Riverdance,4/12/18,50.6758269,-120.3394159,Kamloops,Sandman Centre ,N/A
Riverdance,4/13/18,49.2608724,-123.1139529,Vancouver,Queen Elizabeth Theatre ,N/A
Riverdance,6/12/18,53.3497645,-6.2602732,Dublin,The Gaiety Theatre ,N/A
Riverdance,9/12/18,52.14540645,-9.517469023,Co. Kerry,INEC - Gleneagle Hotel ,N/A
Riverdance,2/8/19,51.51399325,6.849322761,Oberhausen,Konig-Pilsener-Arena ,N/A
Riverdance,6/4/19,51.5073219,-0.1276474,London,Eventim Apollo,N/A
Riverdance,6/11/19,53.3497645,-6.2602732,Dublin,The Gaiety Theatre ,N/A
Riverdance,9/18/19,52.14540645,-9.517469023,Co. Kerry,INEC - Gleneagle Hotel ,N/A
Riverdance,10/4/19,41.139981,-104.820246,Cheyenne,Cheyenne Civic Center ,N/A
Riverdance,1/10/20,41.139981,-104.820246,Cheyenne,Cheyenne Civic Center ,N/A
Riverdance,1/10/20,45.4972159,-73.6103642,Montreal,"Salle Wilfrid-Pelletier, P lace des Arts ",N/A
Riverdance,1/31/20,44.9772995,-93.2654692,Minneapolis,State Theatre,N/A
Riverdance,2/4/20,41.8755546,-87.6244212,Chicago,Cadillac Palace Theatre ,N/A
Riverdance,2/12/20,39.7683331,-86.1583502,Indianapolis,Clowes Memorial Hall ,N/A
Riverdance,2/19/20,54.5969869,-5.9300992,Belfast,SSE Arena ,N/A
Riverdance,2/20/20,43.4200387,-83.9490365,Saginaw,Dow Event Center ,N/A
Riverdance,2/21/20,42.3486635,-83.0567375,Detroit,Fox Theatre Detroit ,N/A
Riverdance,3/7/20,42.096968,-75.914341,Binghamton,Broome County Forum Theatre ,N/A
Riverdance,3/10/20,42.68400365,-73.84798682,New York,Radio City Music Hall ,N/A
Riverdance,3/16/20,52.9534161,-1.1492773,Nottingham,Royal Concert Hall Notts ,N/A
Riverdance,3/19/20,41.4570418,-72.8231552,Wallingford,Toyota Oakdale Theatre ,N/A
Riverdance,3/24/20,43.0481221,-76.1474244,Syracuse,The Oncenter Civic Center Theaters ,N/A
Riverdance,3/27/20,42.8867166,-78.8783922,Buffalo,Shea's Buffalo Theatre ,N/A
Riverdance,5/5/20,55.856656,-4.2435817,Glasgow,Kings Theatre Glasgow,N/A
Riverdance,6/1/20,51.4816546,-3.1791934,Cardiff,St. David's Hall ,N/A
Riverdance,6/5/20,51.5073219,-0.1276474,London,Eventim Apollo Hammersmith ,N/A
Riverdance,6/11/20,53.3497645,-6.2602732,Dublin,The Gaiety Theatre ,N/A
Dorrance Dance ,1/10/15,42.68400365,-73.84798682,New York,Dany Studios and Pace University,The Initial Approach
Dorrance Dance ,3/6/15,39.0840054,-77.1527573,Rockville,American Dance Institute ,The Blues Project 
Dorrance Dance ,3/13/15,42.3602534,-71.0582912,Boston,World Music/CRASHarts at the ICA,The Blues Project 
Dorrance Dance ,4/4/15,42.68400365,-73.84798682,New York,The Joyce Theater ,The Blues Project 
Dorrance Dance ,4/22/15,42.68400365,-73.84798682,New York,14th Street Y,Rhythm in Motion
Dorrance Dance ,4/29/15,45.5202471,-122.6741949,Portland,"White Bird, Schnitzer Concert Hall",The Blues Project 
Dorrance Dance ,5/2/15,34.9528779,-120.453263,Santa Barbara,The Granada Theatre at UCSB,The Blues Project 
Dorrance Dance ,6/30/15,42.68400365,-73.84798682,New York,Union Square Theatre,The Initial Approach
Dorrance Dance ,7/1/15,42.3320317,-73.0828803,Becket,Jacob's Pillow Festival ,The Blues Project 
Dorrance Dance ,7/24/15,42.68400365,-73.84798682,New York,Lincoln Center Out of Doors,The Blues Project 
Dorrance Dance ,8/20/15,41.3918832,-70.62085428,Martha's Vineyard,The Yard,The Initial Approach
Dorrance Dance ,9/12/15,41.6472761,1.1409115,Tarrega,Col.legi Sant Josep Vedruna,The Initial Approach
Dorrance Dance ,9/25/15,41.5623209,-72.6506488,Middletown,CFA Theater Wesleyan University,Dorrance Dance in Concert
Dorrance Dance ,9/30/15,43.653963,-79.387207,Toronto,Sony Centre,SOUNDspace
Dorrance Dance ,10/8/15,42.68400365,-73.84798682,New York,NY City Center,Myelination
Dorrance Dance ,10/22/15,37.5385087,-77.43428,Richmond,University of Richmond ,The Blues Project 
Dorrance Dance ,10/29/15,44.4723989,-73.2114941,Burlington,Flynn Center,The Initial Approach
Dorrance Dance ,11/4/15,43.4547284,-76.5095967,Oswego,SUNY Oswego,SOUNDspace
Dorrance Dance ,11/19/15,44.9772995,-93.2654692,Minneapolis,Carlson Family Stage UMN,The Blues Project 
Dorrance Dance ,12/2/15,39.9523993,-75.1635899,Philadelphia,Prince Theater,Dorrance Dance in Concert
Dorrance Dance ,12/15/15,42.68400365,-73.84798682,New York,Rainbow Room,Private Holiday Event
Dorrance Dance ,1/15/16,42.68400365,-73.84798682,New York,DANY Studios   ,APAP
Dorrance Dance ,1/20/16,42.68400365,-73.84798682,New York,Lincoln Center Education Program's Meet the Artist School Series,Dorrance Dance in Concert
Dorrance Dance ,1/29/16,40.9645293,-76.8844101,Lewisburg,Bucknell University,Dorrance Dance in Concert
Dorrance Dance ,3/4/16,40.9487097,-73.7326309,Mamaroneck,Emelin Theatre,SOUNDspace
Dorrance Dance ,3/9/16,33.7490987,-84.3901849,Atlanta,Ferst Center for the Arts Georgia Tech,Dorrance Dance in Concert
Dorrance Dance ,3/30/16,42.1290657,-80.0852421,Erie,Mary D'Angelo Performing Arts Center Mercyhurst University,Dorrance Dance in Concert
Dorrance Dance ,4/2/16,40.4416941,-79.9900861,Pittsburgh,Byham Theater,Dorrance Dance in Concert
Dorrance Dance ,4/7/16,41.5051613,-81.6934446,Cleveland,Cleveland Public Theatre,Dorrance Dance in Concert
Dorrance Dance ,4/26/16,42.68400365,-73.84798682,New York,The Joyce Theater ,Double Down 
Dorrance Dance ,5/14/16,39.1731621,-77.2716502,Germantown,BlackRock Center for the Arts,Dorrance Dance in Concert
Dorrance Dance ,6/23/16,49.872775,8.651177,Darmstadt,Staatstheater Darmstadt,Double Down 
Dorrance Dance ,6/26/16,42.2591236,-77.782326,Norwood,Norwood Village Green Concert Series,Dorrance Dance in Concert
Dorrance Dance ,7/2/16,41.3918832,-70.62085428,Martha's Vineyard,The Yard,Double Down 
Dorrance Dance ,7/14/16,44.100351,-70.2147764,Lewiston,Bates Dance Festival,Dorrance Dance in Concert
Dorrance Dance ,7/15/16,40.6475997,-73.1459474,Fire Island,Whyte Hall,SOUNDspace
Dorrance Dance ,7/16/16,44.100351,-70.2147764,Lewiston,Bates Dance Festival,Dorrance Dance in Concert
Dorrance Dance ,8/2/16,39.6426439,-106.3862088,Vail,Vail International Dance Festival,Dorrance Dance in Concert
Dorrance Dance ,8/10/16,42.3320317,-73.0828803,Becket,Jacob's Pillow Festival ,Dorrance Dance in Concert
Dorrance Dance ,9/9/16,29.6519396,-82.3249961,Gainesville,University of Florida,Double Down 
Dorrance Dance ,9/14/16,35.9131542,-79.05578,Chapel Hill,University of North Carolina,Double Down 
Dorrance Dance ,10/5/16,38.8949549,-77.0366456,Washington,The Kennedy Center,The Blues Project 
Dorrance Dance ,10/14/16,45.421106,-75.690308,Ottawa,National Centre,Double Down 
Dorrance Dance ,10/21/16,42.2681569,-83.7312291,Ann Arbor,University of Michigan,SOUNDspace
Dorrance Dance ,11/4/16,41.8755546,-87.6244212,Chicago,Museum of Contemporary Art Chicago,Double Down 
Dorrance Dance ,11/11/16,47.6038321,-122.3300624,Seattle,The Moore Theatre,The Blues Project 
Dorrance Dance ,11/15/16,42.68400365,-73.84798682,New York,The Joyce Theater ,The Blues Project 
Dorrance Dance ,12/1/16,45.4972159,-73.6103642,Montreal,Danse Danse,Double Down 
Dorrance Dance ,12/9/16,36.1622296,-86.7743531,Nashville,OZ Arts Nashville,Double Down 
Dorrance Dance ,1/13/17,42.3602534,-71.0582912,Boston,World Music/CRASHarts at the ICA,Dorrance Dance in Concert
Dorrance Dance ,2/3/17,51.5073219,-0.1276474,London,Sadler's Wells,Double Down 
Dorrance Dance ,2/16/17,42.68400365,-73.84798682,New York,Guggenheim Museum,Works & Process Rotunda Project
Dorrance Dance ,2/24/17,22.2774379,114.173029,Wan Chai,Hong Kong Arts Festival,Double Down 
Dorrance Dance ,3/3/17,42.712207,-73.2035986,Williamstown,Williams College,The Blues Project 
Dorrance Dance ,3/8/17,34.9528779,-120.453263,Santa Barbara,The Granada Theatre at UCSB,Double Down 
Dorrance Dance ,3/16/17,37.7792808,-122.4192363,San Francisco,YBCA Theatre,The Blues Project 
Dorrance Dance ,3/31/17,42.8867166,-78.8783922,Buffalo,University of Buffalo Center for the Arts,Dorrance Dance in Concert
Dorrance Dance ,4/7/17,43.703622,-72.288666,Hanover,Dartmouth College Hopkins Center for the Arts,The Blues Project 
Dorrance Dance ,7/12/17,51.5073219,-0.1276474,London,Sadler's Wells,Double Down 
Dorrance Dance ,7/18/17,48.7784485,9.1800132,Stuttgart,Theaterhaus Stuttgart,Double Down 
Dorrance Dance ,8/10/17,39.6426439,-106.3862088,Vail,Vail International Dance Festival,Double Down 
Dorrance Dance ,10/2/17,42.68400365,-73.84798682,New York,New York City Center ,Myelination
Dorrance Dance ,10/12/17,34.0736204,-118.4003563,Beverly Hills,Wallis Annenburg Center for the Performing Arts,Myelination
Dorrance Dance ,10/27/17,37.8708393,-122.2728639,Berkeley,UC Berkely,Myelination
Dorrance Dance ,10/29/17,38.545379,-121.7445835,Davis,UC Davis Jackson Hall Mondavi Center,Myelination
Dorrance Dance ,11/15/17,41.8084314,-72.2495231,Storrs,"Jorgensen Center for the Performing Arts, UCONN",Double Down 
Dorrance Dance ,12/19/17,42.68400365,-73.84798682,New York,The Joyce Theater ,Myelination
Dorrance Dance ,1/19/18,26.6159698,-80.0569927,Lake Worth,Palm Beach State College,"Jungle Blues, Three to One, Myelination "
Dorrance Dance ,1/28/18,35.612661,-77.3663538,Greenville,Write Auditorium ECU,"Jungle Blues, Three to One, Myelination "
Dorrance Dance ,2/2/18,37.5385087,-77.43428,Richmond,"Modlin Center for the Arts, Alice Jepson Theatre","Jungle Blues, Three to One, Myelination "
Dorrance Dance ,2/23/18,37.2296566,-80.4136767,Blacksburg,"Moss Arts Center, Virginia Tech",Double Down 
Dorrance Dance ,2/27/18,40.7944504,-77.8616386,State College,Penn State Eisenhower Auditorium ,Double Down 
Dorrance Dance ,3/2/18,39.0461292,-77.1130097,North Bethesda,Strathmore-The Music Center ,Double Down 
Dorrance Dance ,3/7/18,45.7578137,4.8320114,Lyon,Maison de la Danse,Double Down 
Dorrance Dance ,3/13/18,45.7774551,3.0819427,Clermont-Ferrand,La Comedie de Clermont-Ferrand Scene Nationale,Double Down 
Dorrance Dance ,3/16/18,50.938361,6.959974,Cologne,"Staatenhaus Staal 2, Oper Koln",SOUNDspace
Dorrance Dance ,4/7/18,47.6038321,-122.3300624,Seattle,The Moore Theatre,"Jungle Blues, Three to One, Myelination "
Dorrance Dance ,4/13/18,49.2608724,-123.1139529,Vancouver,"Vancouver Playhouse, Dance House","Jungle Blues, Three to One, Myelination "
Dorrance Dance ,5/8/18,1.3501306,103.6338392,Singapore,"Singapore International Festival of Arts, Victoria Theatre",The Blues Project 
Dorrance Dance ,6/1/18,32.7876012,-79.9402728,Charleston,"Spoleto Festival, Memminger Auditorium","Jungle Blues, Three to One, Myelination "
Dorrance Dance ,6/28/18,40.6501038,-73.9495823,"Brooklyn, Ny, USA","BRIC Celebrate Brooklyn! Festival, Prospect Park Bandshell ",The Blues Project 
Dorrance Dance ,7/18/18,42.3320317,-73.0828803,Becket,"Jacob's Pillow Festival, Ted Shawn Theatre",Myelination
Dorrance Dance ,8/10/18,39.6426439,-106.3862088,Vail,Vail International Dance Festival,The Blues Project 
Dorrance Dance ,10/24/18,41.2587317,-95.9378732,Omaha,"Omaha Performing Arts, Orpheum Theater",Double Down 
Dorrance Dance ,10/31/18,42.68400365,-73.84798682,New York,Guggenheim Museum,Works & Process Rotunda Project
Dorrance Dance ,11/9/18,40.8106558,-73.6284614,Greenvale,Tilles Center,"Jungle Blues, Three to One, Myelination "
Dorrance Dance ,11/12/18,35.9131542,-79.05578,Chapel Hill,"Caroline Performing Arts, Memorial Hall","Jungle Blues, Three to One, Myelination "
Dorrance Dance ,11/15/18,35.6009498,-82.5540161,Asheville,Diana Wortham Theatre,"Jungle Blues, Three to One, Myelination "
Dorrance Dance ,11/18/18,35.612661,-77.3663538,Greenville,The Peace Center,"Jungle Blues, Three to One, Myelination "
Dorrance Dance ,12/5/18,40.6501038,-73.9495823,Brooklyn,BAM Fisher,Elemental 
Dorrance Dance ,1/15/19,43.207178,-71.537476,Concord,Capital Center,"Jungle Blues, Three to One, Myelination "
Dorrance Dance ,1/18/19,42.3602534,-71.0582912,Boston,"World Music Crash Arts, Emerson/Cutler Majestic Theatre","Jungle Blues, Three to One, Myelination "
Dorrance Dance ,1/23/19,38.2542376,-85.759407,Louisville,"The Kentucky Center, Brown Theatre",Double Down 
Dorrance Dance ,1/26/19,35.0867577,-89.8100858,Germantown,GPAC,Double Down 
Dorrance Dance ,1/30/19,30.2711286,-97.7436995,Austin,Texas Performing Arts,Double Down 
Dorrance Dance ,2/1/19,32.7762719,-96.7968559,Dallas,AT&T Performing Arts Center,Double Down 
Dorrance Dance ,2/9/19,29.7589382,-95.3676974,Houston,"SPA Huston, Jones Hall",Double Down 
Dorrance Dance ,2/12/19,36.0625843,-94.1574328,Fayetteville,"Walton Arts Center, Baum Walker Hall",Double Down 
Dorrance Dance ,3/14/19,40.1117174,-88.207301,Urbana,"Krannert Center, Tryon Festival Theatre","Jungle Blues, Three to One, Myelination "
Dorrance Dance ,3/28/19,42.68400365,-73.84798682,New York,New York City Center ,Mixed Repertoire
Dorrance Dance ,4/4/19,39.7391536,-104.9847034,Denver,"Newman Center, June Swaner Gates Concert Hall",Double Down 
Dorrance Dance ,4/6/19,40.0149856,-105.2705456,Boulder,Macky Auditorium,Double Down 
Dorrance Dance ,4/9/19,43.696215,-114.353097,Sun Valley,The Argyros,SOUNDspace
Dorrance Dance ,5/3/19,33.6633386,-117.903317,Costa Mesa,Segerstorm Center for the Arts,Double Down 
Dorrance Dance ,5/5/19,34.9528779,-120.453263,SAnta Barbara,"UC Santa Barbara, Granada Theatre",Double Down 
Dorrance Dance ,5/9/19,37.7792808,-122.4192363,San Francisco,Yerba Buena Center For The Arts,Double Down 
Dorrance Dance ,5/15/19,32.8335005,-117.2616203,La Jolla,"Art Power, UC San Diego",Double Down 
Dorrance Dance ,6/11/19,41.3082138,-72.9250518,New Haven,International Festival of Arts & Ideas,"Jungle Blues, Three to One, Myelination "
Dorrance Dance ,6/21/19,35.996653,-78.9018053,Durham,"American Dance Festival, Reynolds Industries Theater",SOUNDspace
Dorrance Dance ,7/6/19,44.6447234,-85.7673003,Interlochen,"Interlochen Arts Festival, Corson Auditorium ","Jungle Blues, Three to One, Myelination "
Dorrance Dance ,7/20/19,40.6656078,-73.0689516,Fire Island Pines,Fire Island Dance Festival,Destination Moon 
Dorrance Dance ,7/25/19,45.894309,-74.158058,Saint-Sauveur,"Festival Des Arts De Saint-Sauveur, Big Top",SOUNDspace
Dorrance Dance ,9/18/19,55.7507178,37.6176606,Moscow,"Danceinversion International Festival, Russian Academic Youth Theatre","Jungle Blues, Three to One, Myelination "
Dorrance Dance ,10/19/19,44.9772995,-93.2654692,Minneapolis,"Northrop and Twin Cities Tap Festival, Carlson Family Stage","Jungle Blues, Three to One, Myelination "
Dorrance Dance ,10/22/19,41.5910641,-93.6037149,Des Moines,Des Moines Civic Center,"Jungle Blues, Three to One, Myelination "
Dorrance Dance ,11/10/19,41.0409305,-73.7145746,Purchase,"Purchase College, Pepsico Theatre","Jungle Blues, Three to One, Myelination "
Dorrance Dance ,11/14/19,51.5073219,-0.1276474,London,Sadler's Wells,"Jungle Blues, Three to One, Myelination "
Dorrance Dance ,12/17/19,42.68400365,-73.84798682,New York,The Joyce Theater ,Mixed Repertoire
Dorrance Dance ,1/31/20,32.5461135,-85.41880302,Auburn,"Auburn University, Woltosz Theatre",Double Down 
Dorrance Dance ,2/5/20,25.7742658,-80.1936589,Miami,"Adrienne Arsht Center for the Performing Arts, Ziff Ballet Opera House",Double Down 
Dorrance Dance ,2/7/20,26.6159698,-80.0569927,Lake Worth,"Palm Beach State College, Duncan Theatre",Double Down 
Dorrance Dance ,2/21/20,42.2681569,-83.7312291,Ann Arbor,University of Michigan,"Jungle Blues, Three to One, Myelination "
Dorrance Dance ,2/29/20,45.421106,-75.690308,Ottawa,"National Arts Centre, Southam Hall","Jungle Blues, Three to One, Myelination "
Dorrance Dance ,3/4/20,34.14391585,-118.7611438,Los Angeles,USC Bovard Auditorium,SOUNDspace
Dorrance Dance ,3/7/20,38.3396367,-122.7010984,Rohnert Park,"Sonoma State University, Weill Hall",SOUNDspace
Dorrance Dance ,3/10/20,37.4248398,-122.1677058,Stanford,"Stanford University, Bing Concert Hall ",SOUNDspace (cancelled)
Dorrance Dance ,3/13/20,37.8708393,-122.2728639,Berkeley,"UC Berkely, Zellerbach Playhouse ",SOUNDspace (cancelled)
Dorrance Dance ,3/17/20,35.2827525,-120.6596156,San Luis Obispo,"Cal Poly, Performing Arts Center",SOUNDspace (cancelled)
Dorrance Dance ,3/19/20,32.8335005,-117.2616203,La Jolla,The Baker-Baum Concert Hall,SOUNDspace (cancelled)
Dorrance Dance ,3/24/20,34.14391585,-118.7611438,Los Angeles,"The Blue Ribbon's Children Festival, The Music Center's Dorothy Chandler Pavilion",SOUNDspace/Double Down (cancelled)
Dorrance Dance ,4/1/20,34.2700153,-114.0824451,Mesa,"Mesa Arts Center, Ikeda Theater",SOUNDspace (cancelled)
Dorrance Dance ,4/9/20,40.3492744,-74.6592958,Princeton,"Princeton University, Matthews Theatre",SOUNDspace (cancelled)
Dorrance Dance ,5/8/20,47.6038321,-122.3300624,Seattle,The Moore Theatre,Double Down (cancelled)
Dorrance Dance ,5/10/20,44.0505054,-123.0950506,Eugene,"Hult Center for the Performing Arts, Silva Concert Hall",SOUNDspace (cancelled)
Dorrance Dance ,5/15/20,49.2608724,-123.1139529,Vancouver,"Vancouver Playhouse, Dance House",Double down (cancelled)
Dorrance Dance ,7/1/20,42.3320317,-73.0828803,Becket,"Jacob's Pillow Festival, Ted Shawn Theatre",Mixed Repertoire (cancelled)
Dorrance Dance ,8/2/20,39.6426439,-106.3862088,Vail,Vail International Dance Festival,SOUNDspace (cancelled)